Trial,Force,Mass,Acceleration,velocity,Angular_acceleration,angular_velocity,Wrist_angle,FP,Force_all,KE,EPA,PD,Condition
0,,,,,,,,,,,,,Anvil_metal
1,477.7657994,55,-23.060352,1.73101,1854.47299,43.78933703,1.046468072,477.3764,,1.429280711,71,,Anvil_metal
2,417.6062249,217,-24.04640611,1.719123368,2413.365369,129.4039583,5.745214712,604.0718,,1.409718718,64,21.35,Anvil_metal
3,320.2591171,119,-20.30582094,1.250125867,2001.685461,86.27188237,3.57075361,254.0953,,0.745462604,59,18.4,Anvil_metal
4,334.7019332,61,-18.98415663,1.428382364,1936.37826,57.63855496,1.273347073,272.8844,,0.973211737,76,12.47,Anvil_metal
5,202.4415871,32,-15.31396652,1.145349449,2862.51991,108.918987,6.568389949,295.8253,,0.625740697,53,5.76,Anvil_metal
6,264.3071477,99,-16.14966173,1.165103486,1733.555019,60.69280401,1.838881966,235.5651,,0.647511346,71,11.03,Anvil_metal
7,180.8338409,56,-14.5139144,1.092428569,2047.209349,38.70755091,1.456795103,201.1159,,0.569251885,,11.15,Anvil_metal
8,303.5416528,103,-16.92787015,1.319336345,,,,372.9023,,0.830289283,74,9,Anvil_metal
9,,,,,,,,,,,,,Anvil_metal
10,287.2791887,24,-17.17769059,1.335201442,,,,477.2599,,0.850377899,,13.8,Anvil_metal
11,,,,,,,,,,,,,Anvil_metal
12,345.2781297,147,-19.72584629,1.700867008,,,,328.8786,,1.379936472,60,11.29,Anvil_metal
13,343.0034815,100,-18.25793719,1.397799907,,,,323.8209,,0.931983865,70,11.3,Anvil_metal
14,217.3390505,32,-17.01922871,1.424259922,4989.114493,99.46963428,7.95638005,278.198,,0.967602287,65,10.31,Anvil_metal
15,200.5082773,69,-18.33329285,1.440819599,,,,246.2187,,0.990233453,,,Anvil_metal
16,227.6879234,13,-17.58262211,1.419184471,1445.209277,173.2427688,8.285581713,270.5363,,0.960718336,,,Anvil_metal
17,249.067993,76,-16.66087739,1.378579465,1272.139731,26.70475147,0.94331446,274.4925,,0.906529599,62,16.34,Anvil_metal
18,320.6001025,106,-18.75514927,1.376627747,,,,382.9123,,0.903964586,62,13.79,Anvil_metal
19,,,,,,,,,,,,,Anvil_metal
20,226.095952,6,-19.05445874,1.49498302,345.7239886,16.68693085,0.883287088,217.9352,,1.066082708,,,Anvil_metal
21,,,,,,,,,,,,,Anvil_metal
22,279.7732731,80,-18.93696156,1.500105704,422.6197268,16.05710316,0.76192044,211.569,,1.073401267,76,9.23,Anvil_metal
23,423.7471398,46,-18.18277829,1.38964209,543.5472988,16.93150799,0.456765042,579.7661,,0.921137151,,,Anvil_metal
24,452.633125,47,-24.30214623,1.818029179,2947.092558,179.0031544,7.003841089,812.1812,,1.576594755,,,Anvil_metal
25,420.4491822,144,-20.544359,1.542116014,,,,403.3737,,1.134364099,56,11.59,Anvil_metal
26,336.1802427,100,-20.27724371,1.56094376,287.0256409,22.63530652,1.14618606,444.3935,,1.162232167,66,10.77,Anvil_metal
27,332.427285,105,-17.32904727,1.343681916,,,,289.2071,,0.861214481,64,14.4,Anvil_metal
28,225.9822902,84,-18.89593228,1.629303262,572.0103159,31.10408177,0.959440078,296.04,,1.26625809,,,Anvil_metal
29,274.428344,73,-18.73203537,1.476822654,369.9795808,25.94878814,0.945981129,299.3815,,1.040339457,59,,Anvil_metal
30,374.7324239,149,-19.9536817,1.54423667,280.3702595,5.939269738,0.289542284,310.3415,,1.137486108,62,12.98,Anvil_metal
31,357.4466505,117,-21.49022613,1.557760578,,,,264.2466,,1.157496795,63,15.2,Anvil_metal
32,277.1576395,90,-19.22044441,1.516673835,514.7365292,27.9336252,0.862529235,351.9891,,1.097242872,,,Anvil_metal
33,250.8876409,16,-20.94807207,1.633266445,2923.62342,166.9487647,3.912556533,274.6639,,1.272425777,,,Anvil_metal
34,339.4782003,112,-18.22895916,1.409629312,675.1752661,19.26263074,0.840101877,365.9443,,0.947825139,61,8.44,Anvil_metal
35,379.9636913,149,-17.29213683,1.065865625,,,,415.6908,,0.541905166,68,14.04,Anvil_metal
0,257.8248945,46,-23.7184242,2.027055637,,,,305.0362,,1.959971323,,,Anvil_foam
1,363.5875654,21,-20.16367474,1.624178562,2908.337177,196.26619,7.285480913,627.1746,,1.258305012,,,Anvil_foam
2,409.3043237,25,-22.84928823,1.833920139,3879.986592,137.2462388,8.893054313,612.3275,,1.604276487,,,Anvil_foam
3,445.6958714,55,-24.40225753,1.778663052,2918.838058,123.9864558,6.766438773,590.8143,,1.509057354,,,Anvil_foam
4,406.0063661,84,-21.39709391,1.527642193,1907.773057,126.9105383,6.152751027,538.6132,,1.113170449,,,Anvil_foam
5,432.9590415,162,-26.03778583,1.875778355,2180.098091,156.267681,5.647357261,682.9939,,1.678345696,,,Anvil_foam
6,499.714531,16,-26.2366256,1.92450739,,,,534.7259,,1.766678587,,,Anvil_foam
7,,,,,,,,,,,,,Anvil_foam
8,483.5657287,80,-27.51573349,2.256609996,3428.563107,200.2607026,6.535515091,906.5843,,2.429021698,,,Anvil_foam
9,460.5936878,19,-23.6192791,1.683719045,,,,768.0413,,1.352251985,,,Anvil_foam
10,489.2519963,82,-25.40018267,1.875689205,,,,950.1114,,1.678186167,,,Anvil_foam
11,427.3864357,18,-24.29462465,2.072442606,,,,774.6642,,2.048723755,,,Anvil_foam
12,455.021435,14,-24.27333472,1.789704394,,,,819.5734,,1.527850947,,,Anvil_foam
13,510.0634039,15,-27.07894516,2.122909785,2305.142894,148.1669308,5.318684663,723.9768,,2.14971782,,,Anvil_foam
14,479.9267858,59,,,,,,935.6957,,0,,,Anvil_foam
15,,,,,,,,,,,,,Anvil_foam
16,,,,,,,,,,,,,Anvil_foam
17,581.8228371,33,-24.90425913,1.910488078,2113.866227,125.0863505,7.143040696,1092.8,,1.741033161,,,Anvil_foam
18,499.3735456,32,,,3167.997274,174.7945083,12.87649001,943.7682,,0,,,Anvil_foam
19,436.9393229,33,-29.4707911,2.339807341,4644.630018,178.7937648,9.62014875,682.3089,,2.611431132,,,Anvil_foam
20,481.9737574,91,-27.17091218,2.100488258,2461.434482,141.6029898,7.993200626,1.06E+03,,2.104548289,,,Anvil_foam
21,,,,,,,,,,,,,Anvil_foam
22,442.8529141,77,-25.30234398,2.192700779,2047.800588,111.8627917,4.053839059,861.7498,,2.293385809,,,Anvil_foam
23,509.0400946,54,-25.16461359,1.810062572,,,,785.4811,,1.562807748,,,Anvil_foam
24,,,,,,,,,,,,,Anvil_foam
25,499.3735456,29,-30.59513757,2.337136211,2138.426534,88.5799838,1.894018128,1.27E+03,,2.605472105,,,Anvil_foam
26,,,,,,,,,,,,,Anvil_foam
27,342.093834,136,-24.00272435,1.847348698,,,,711.3975,,1.62785657,,,Anvil_foam
28,490.047982,28,-23.65448173,1.853724561,2627.726129,131.9582546,3.538937532,727.1916,,1.639112594,,,Anvil_foam
29,487.5460102,41,-21.98336514,1.730849713,5177.746657,195.4418189,8.111822701,756.4381,,1.429016027,,,Anvil_foam
30,463.7779835,14,-20.66499171,1.709543182,2397.066589,132.1260794,4.29444725,854.505,,1.394050574,,,Anvil_foam
31,518.3653051,25,-24.7844273,2.012295255,4143.642895,104.4802576,1.406153794,532.8356,,1.931531456,,,Anvil_foam
32,523.7102343,30,-28.63270348,2.449380694,2734.081032,141.6737037,4.180389121,1.05E+03,,2.861745178,,,Anvil_foam
33,414.3082674,84,-29.7961218,2.352566716,4217.411359,195.3730632,7.002102831,775.4429,,2.639989962,,,Anvil_foam
34,563.8547398,68,-29.26249395,2.392699063,,,,1.01E+03,,2.730829201,,,Anvil_foam
35,585.6894567,21,-26.44234942,1.944676763,,,,989.1553,,1.8039032,,,Anvil_foam
36,442.966576,41,-29.10378639,2.136468868,,,,693.6486,,2.177266129,,,Anvil_foam
0,,,,,,,,,,,,,Anvil_rubber
1,438.7589709,195,-28.16283032,2.176469865,6744.426259,306.0783091,13.24120721,534.1866,,2.259559052,,,Anvil_rubber
2,301.4946812,84,-23.91837562,1.758890219,4034.784142,165.3174715,6.544157471,445.874,,1.47569242,,,Anvil_rubber
3,514.839671,106,-22.02067703,1.568748074,2467.944685,122.5487678,4.466063572,554.6465,,1.173882938,,,Anvil_rubber
4,279.3186259,47,-20.34889666,1.424813328,,,,504.9659,,0.968354371,,,Anvil_rubber
5,270.1067241,99,-19.43131021,1.32434758,,,,370.3872,,0.836608636,,,Anvil_rubber
6,315.1415116,121,-21.69104867,1.755312782,4536.032214,238.609381,9.481610283,326.1887,,1.469695654,,,Anvil_rubber
7,,,,,,,,,,,,,Anvil_rubber
8,412.0336192,141,-20.78559424,1.616620088,1575.030998,112.4509037,6.3940901,479.2856,,1.246620663,,,Anvil_rubber
9,493.1186159,205,-17.14010038,1.173774407,,,,582.4346,,0.657185012,,,Anvil_rubber
10,329.6979895,125,-22.60311406,1.766264246,,,,464.3384,,1.488091838,,,Anvil_rubber
11,249.8639786,53,-17.10204406,1.33876672,,,,458.0932,,0.85492535,,,Anvil_rubber
12,276.9303158,71,-18.26621677,1.36244767,,,,497.9946,,0.885437762,,,Anvil_rubber
13,298.3103854,78,,,1515.266309,103.6395048,4.57501549,463.3389,,0,,,Anvil_rubber
14,414.0809438,128,-17.34435892,1.342227072,2380.812741,44.07484492,1.600391505,376.1764,,0.859350565,,,Anvil_rubber
15,454.2250963,40,-24.32264037,1.891097004,,,,937.6646,,1.705870238,,,Anvil_rubber
16,416.1279154,140,-27.65082488,2.633513813,3694.56683,155.9444371,7.605366513,712.642,,3.308183418,,,Anvil_rubber
17,302.7456671,74,-20.77943259,1.869313062,,,,391.2687,,1.666796041,,,Anvil_rubber
18,394.9751694,13,-17.96417292,1.255578878,,,,830.6099,,0.751980158,,,Anvil_rubber
19,280.5696118,6,-20.49367958,1.559910393,2239.164761,147.5418811,6.607159721,393.5929,,1.160693848,,,Anvil_rubber
20,507.7891086,170,-23.17313059,2.163681714,2682.191131,153.1603386,8.274250528,623.3224,,2.233084354,,,Anvil_rubber
21,354.8310169,126,-18.64971988,1.510488948,5068.946657,319.5023915,18.68704716,417.6133,,1.088312163,,,Anvil_rubber
22,390.4262259,29,,,,,,,,,,,Anvil_rubber
23,412.0336192,16,-21.42874409,1.729645147,,,,640.0577,,1.427027703,,,Anvil_rubber
24,397.3634795,172,-24.91876249,2.153556838,,,,482.8565,,2.212233965,,,Anvil_rubber
25,343.2311581,112,-21.64707513,1.645344996,1878.979215,117.7669683,4.367041616,369.1184,,1.291315394,,,Anvil_rubber
26,371.8894666,48,-22.8854869,1.822741699,3720.108226,234.5844503,8.803748837,509.3222,,1.584778743,,,Anvil_rubber
27,,,,,,,,,,,,,Anvil_rubber
28,,,,,,,,,,,,,Anvil_rubber
29,,,,,,,,,,,,,Anvil_rubber
30,504.8321365,189,-25.28729811,1.865524938,3596.83793,222.990329,7.705557801,551.8707,,1.660047431,,,Anvil_rubber
31,404.1867182,141,-28.32280812,2.347796939,,,,506.6876,,2.629295772,,,Anvil_rubber
32,,,,,,,,,,,,,Anvil_rubber
33,,,,,,,,,,,,,Anvil_rubber
34,334.9292568,119,-25.10373383,1.938809244,4839.839225,204.3014913,7.786790248,490.6914,,1.793034072,,,Anvil_rubber
35,271.4717249,19,-25.88675122,1.942744782,2555.975524,157.4174327,9.0562018,415.5318,,1.800320726,,,Anvil_rubber
36,295.6947518,37,-24.4274045,1.934104921,4166.007385,131.4578606,4.408585335,416.9239,,1.7843434,,,Anvil_rubber
37,490.5029823,201,-24.4071188,2.008813095,2382.083724,124.5531949,5.436533371,590.3385,,1.924852434,,,Anvil_rubber
38,323.7843983,55,-25.39002259,2.169217292,2831.966607,181.0122079,9.332130256,504.5216,,2.244525246,,,Anvil_rubber
39,506.99277,205,-27.23454412,2.196491565,3839.174105,157.7673191,10.500353,584.3973,,2.301322368,,,Anvil_rubber
40,371.8894666,130,-27.09076001,2.036613331,,,,502.9366,,1.978497672,,,Anvil_rubber
41,363.7012272,142,-26.31746926,2.085284108,4570.602481,188.5890319,10.82370344,516.7085,,2.07419148,,,Anvil_rubber
11,214.1551078,38,-24.71803184,2.028846941,593.8121892,57.37268378,4.324280216,,,1.963436896,,,Freehand
12,391.5635501,213,-24.51310982,1.774416154,,,,,,1.501859631,,16.93,Freehand
13,210.7431354,58,-23.99258862,1.8427766,,,,,,1.61980881,74,10.03,Freehand
14,280.1146116,115,-23.30226278,1.669646214,4045.25165,184.5376884,8.969033391,,,1.329741714,51,23.87,Freehand
15,313.4355254,88,-23.21787201,1.654090992,1160.92783,82.57494837,4.064161465,,,1.305080114,53,,Freehand
16,227.8015852,64,-23.99422086,1.771375282,1822.225292,143.1344821,9.690760901,,,1.496716476,59,,Freehand
17,269.3107384,130,-23.60128366,1.921306615,1219.149988,106.2441755,8.883956379,,,1.760806915,57,,Freehand
18,196.8689814,11,-24.04766692,1.914142668,570.8523144,55.27174565,2.91525173,,,1.747700407,54,,Freehand
19,280.5696118,31,-23.24355738,1.718972017,,,,,,1.409470508,57,,Freehand
20,,,,,,,,,,,54,,Freehand
21,362.7915797,235,-25.61790381,2.115089088,,,,,,2.133908083,62,15.99,Freehand
22,312.1845395,144,-22.99624189,1.496642788,4474.884291,137.8410006,8.576008069,,,1.068451205,,15.28,Freehand
23,198.5749675,63,-24.73433942,1.967328387,1669.528836,131.8713616,8.463610309,,,1.846171729,,15.33,Freehand
24,263.1698236,104,-23.01954178,1.71866211,3157.5364,115.9509113,7.801160868,,,1.408962336,62,19.68,Freehand
25,163.2067291,23,-22.47685792,1.587212022,1128.517197,87.45266562,4.827622325,,,1.201678436,,11.3,Freehand
26,122.7212381,18,-20.02109256,1.388219336,,,,,,0.919251945,82,10.8,Freehand
27,252.9346126,127,-22.71511381,1.572799782,1262.726075,78.31244193,3.004471934,,,1.179954497,,16.29,Freehand
28,155.8148283,70,-19.01632899,1.207409078,3954.897278,125.5692489,5.625478088,,,0.695388097,52,13.85,Freehand
29,195.7316573,66,-23.372571,1.631269113,,,,,,1.269315564,,9.98,Freehand
30,131.250463,28,-20.72178808,1.557151713,,,,,,1.156592134,63,,Freehand
31,195.7316573,25,-22.56994205,1.516390931,,,,,,1.096833575,65,,Freehand
32,196.3003193,56,-21.11775218,1.54423835,1845.518189,129.3845476,8.303186852,,,1.137488583,,15.8,Freehand
33,215.7470791,166,-21.95428007,1.732091815,909.088632,81.67300217,4.728673247,,,1.431067761,,,Freehand
34,184.0181367,102,-19.61201406,1.320941082,627.1209754,57.34292774,3.299099555,,,0.832310308,,,Freehand
35,179.2418696,43,-18.23937893,1.25681615,659.2403365,50.50835476,2.360702991,,,0.75346292,,10.27,Freehand
36,197.8926437,61,-19.08202748,1.363533939,1022.94334,32.67867769,0.643233564,,,0.886850231,,9.82,Freehand
37,207.6728545,89,-22.72816254,1.604407654,,,,,,1.22785711,,,Freehand
38,230.8722191,81,-19.13986879,1.34872623,,,,,,0.867692785,,23.5,Freehand
39,228.7115857,94,-19.61967202,1.284491574,,,,,,0.787011174,,12.71,Freehand
40,117.7172944,42,-19.91656167,1.27259103,,,,,,0.772495743,,,Freehand
41,,,,,,,,,,,,,Freehand
42,196.5276429,93,-22.36059928,1.62868498,,,,,,1.265297242,,,Freehand
